label,k,seed,n_fail,p_is,p_ref,ess,cv,max_share,n_star_is,n_star_naive,speedup,sensitive_pcs,status
paper,300,0,9,0.03367829747820297,0.028666666666666667,169.59360349112202,0.3011692708653179,0.0003768746744247106,1708.7092799269733,4235.46511627907,2.4787511638375865,"[0, 1, 3, 6, 163, 28, 8]",ok
k100_s1,100,1,2,0.01058329040473792,0.028666666666666667,52.730011895925024,0.16763484064029188,0.0003515334126394997,6222.239076915783,4235.46511627907,0.6806979069628565,"[0, 36, 187, 247, 73, 6, 9]",ok
k100_s2,100,2,1,,,,,,,,,,too_few_failures
k100_s3,100,3,3,0.010674296900928392,0.028666666666666667,56.50702958854562,0.2598894988980748,0.0003767135305231695,3642.4485278937373,4235.46511627907,1.1628071292824136,"[4, 0, 3, 165, 254, 159, 2]",ok
k100_s4,100,4,1,,,,,,,,,,too_few_failures
k100_s5,100,5,3,0.021203164061646247,0.028666666666666667,57.308225142292116,0.2909261104588839,0.00038205483428193916,5517.461048251223,4235.46511627907,0.7676474884442572,"[0, 4, 95, 55, 247, 265, 249]",ok
k100_s6,100,6,2,0.0311152652509266,0.028666666666666667,59.9282372872009,0.34156708168428435,0.0003995215819139045,4091.2705651755823,4235.46511627907,1.035244442724188,"[2, 0, 272, 4, 18, 104, 16]",ok
k100_s7,100,7,2,0.08097295333843645,0.028666666666666667,69.75262924227977,0.447404552989207,0.00046501752827809696,4353.574825521148,4235.46511627907,0.9728706375850701,"[178, 6, 242, 5, 8, 148, 208]",ok
k100_s8,100,8,2,0.0012531509051792067,0.028666666666666667,51.77331270059311,0.14021687484905238,0.0003451554180039541,7622.629114150913,4235.46511627907,0.5556436044377662,"[0, 4, 155, 235, 7, 2, 157]",ok
k100_s9,100,9,3,0.04067779438648166,0.028666666666666667,63.28628341768261,0.36512421916735516,0.00042190855611787395,4502.723590493233,4235.46511627907,0.9406451520190056,"[6, 1, 8, 38, 197, 148, 30]",ok
k100_s10,100,10,1,,,,,,,,,,too_few_failures
k100_s11,100,11,4,0.04899887679521052,0.028666666666666667,61.430040522949334,0.34846692310086236,0.0004095335982495015,2914.953992176687,4235.46511627907,1.4530126813824311,"[0, 6, 4, 201, 19, 44, 83]",ok
k100_s12,100,12,4,0.009180426459387867,0.028666666666666667,61.446473672064315,0.39074859651585986,0.0004096431578082364,2360.7513980834938,4235.46511627907,1.79411738132084,"[0, 4, 3, 37, 6, 2, 272]",ok
k100_s13,100,13,4,0.06375209740342157,0.028666666666666667,66.07004935554889,0.38872927606801233,0.00044046699521105856,6811.035522235743,4235.46511627907,0.6218533294168999,"[142, 11, 56, 119, 66, 222, 126]",ok
k100_s14,100,14,1,,,,,,,,,,too_few_failures
k100_s15,100,15,2,0.029992431277953497,0.028666666666666667,55.075910139220305,0.23441403505008654,0.00036717273426146877,7058.697400213923,4235.46511627907,0.6000349464124511,"[5, 195, 225, 3, 14, 74, 91]",ok
k100_s16,100,16,1,,,,,,,,,,too_few_failures
k100_s17,100,17,0,,,,,,,,,,too_few_failures
k100_s18,100,18,0,,,,,,,,,,too_few_failures
k100_s19,100,19,5,0.04807386925171896,0.028666666666666667,57.84905025040933,0.3059661587469213,0.0003856603349967513,3682.0294922121693,4235.46511627907,1.1503072219376482,"[0, 3, 5, 4, 102, 7, 100]",ok
k100_s20,100,20,2,0.035007891831027003,0.028666666666666667,54.891369259867204,0.22932943624626514,0.0003659424617324308,5770.575038594035,4235.46511627907,0.7339762654418258,"[0, 123, 99, 72, 43, 180, 59]",ok
k100_s21,100,21,2,0.013520635208957127,0.028666666666666667,63.94943049682726,0.40870210942328855,0.0004263295366454548,3081.1598613755464,4235.46511627907,1.3746333545927076,"[0, 4, 238, 207, 100, 226, 194]",ok
k100_s22,100,22,3,0.01866203603125576,0.028666666666666667,61.82220544073888,0.41342097937590183,0.0004121480344023355,1820.5602375518802,4235.46511627907,2.326462497046804,"[0, 3, 128, 51, 140, 5, 96]",ok
k100_s23,100,23,1,,,,,,,,,,too_few_failures
k100_s24,100,24,1,,,,,,,,,,too_few_failures
k100_s25,100,25,2,0.015852456641026743,0.028666666666666667,56.41366672698943,0.28172398570915136,0.0003760911115128725,3638.9113504488228,4235.46511627907,1.1639374275376806,"[3, 5, 4, 0, 2, 261, 269]",ok
k300_s1,300,1,9,0.03190339045133444,0.028666666666666667,181.42282618741797,0.3635340884391674,0.00040316183597203495,1676.1662856240087,4235.46511627907,2.5268764517013755,"[0, 3, 6, 4, 2, 161, 8]",ok
k300_s2,300,2,8,0.016566850246942332,0.028666666666666667,173.1889842498815,0.3107908986907835,0.000384864409444181,1781.5875032184797,4235.46511627907,2.3773545271436864,"[0, 4, 1, 8, 6, 2, 196]",ok
k300_s3,300,3,7,0.03342581826462532,0.028666666666666667,178.46171659300256,0.3355866274446274,0.0003965815924193116,2478.661224355043,4235.46511627907,1.7087712813118112,"[3, 2, 4, 0, 8, 220, 58]",ok
k300_s4,300,4,6,0.051855718686123826,0.028666666666666667,173.74952399119888,0.3105826867120921,0.0003861100533111791,3349.3461112378927,4235.46511627907,1.2645647764105437,"[0, 3, 195, 2, 118, 5, 67]",ok
k300_s5,300,5,11,0.019840401713930502,0.028666666666666667,177.835542279785,0.3401390690100804,0.00039519009395409403,2801.6084778510435,4235.46511627907,1.5117976511578295,"[0, 3, 6, 7, 5, 148, 25]",ok
k300_s6,300,6,6,0.019603143310023587,0.028666666666666667,179.7644472521795,0.3482322624660765,0.00039947654944873153,2534.7329767012193,4235.46511627907,1.670970928776583,"[0, 3, 4, 225, 126, 8, 2]",ok
k300_s7,300,7,9,0.0246843156025055,0.028666666666666667,175.55657767882943,0.3450989674827247,0.0003901257281751722,2649.206245695447,4235.46511627907,1.5987676018660495,"[0, 6, 68, 7, 3, 8, 48]",ok
k300_s8,300,8,7,0.025375492330349855,0.028666666666666667,181.44083193326279,0.3526132459122149,0.0004032018487405828,2925.7828359254704,4235.46511627907,1.4476348224728466,"[3, 2, 6, 5, 4, 107, 7]",ok
k300_s9,300,9,7,0.03485473055394165,0.028666666666666667,169.386692032942,0.3046293581519128,0.00037641487118431055,1742.5665853897672,4235.46511627907,2.430590114484323,"[8, 0, 6, 1, 3, 5, 72]",ok
k300_s10,300,10,6,0.03403000014593271,0.028666666666666667,174.91005638284207,0.3247204454885585,0.0003886890141840934,2181.4744145988548,4235.46511627907,1.941560757226629,"[6, 0, 3, 2, 4, 7, 81]",ok
k300_s11,300,11,8,0.04106850456359639,0.028666666666666667,175.3399632775519,0.3394680606616047,0.0003896443628390042,1992.7100162129275,4235.46511627907,2.125479915200314,"[0, 4, 5, 3, 7, 175, 6]",ok
k300_s12,300,12,13,0.010686986478747421,0.028666666666666667,188.66197446875395,0.37687280456159533,0.00041924883212596996,3101.7826553976715,4235.46511627907,1.3654938423582266,"[1, 4, 0, 46, 203, 173, 75]",ok
k300_s13,300,13,8,0.020844091361412364,0.028666666666666667,173.42185679691613,0.3195135292314068,0.00038538190399314376,2370.1672376088427,4235.46511627907,1.7869899849565232,"[0, 4, 5, 1, 8, 6, 256]",ok
k300_s14,300,14,9,0.0340322079905854,0.028666666666666667,176.76863070926925,0.35003994009206185,0.00039281917935393164,1928.3587243312252,4235.46511627907,2.196409341704808,"[0, 5, 3, 239, 6, 4, 2]",ok
k300_s15,300,15,4,0.04076735160496761,0.028666666666666667,173.9140587352065,0.32489610151806636,0.0003864756860782367,2990.478360941793,4235.46511627907,1.4163169249434702,"[4, 0, 2, 3, 7, 6, 38]",ok
k300_s16,300,16,3,0.04244016887358968,0.028666666666666667,183.7164137384433,0.3643640958681071,0.0004082586970549301,4769.835882684041,4235.46511627907,0.8879687310951514,"[4, 3, 7, 5, 11, 264, 239]",ok
k300_s17,300,17,3,0.014315250825253931,0.028666666666666667,157.7424525113434,0.18636963456846278,0.00035053878335854086,5052.984496714392,4235.46511627907,0.8382105900053921,"[0, 3, 4, 8, 1, 6, 151]",ok
k300_s18,300,18,12,0.030702134488996585,0.028666666666666667,176.51364498951546,0.3340617676130065,0.0003922525441982776,1701.8180326767667,4235.46511627907,2.4887884808795704,"[0, 4, 8, 3, 1, 7, 118]",ok
k300_s19,300,19,16,0.030723424702393153,0.028666666666666667,175.4401449684281,0.3388999619889415,0.0003898669884905911,1254.432721164916,4235.46511627907,3.3763987855369786,"[0, 4, 5, 3, 259, 262, 1]",ok
k300_s20,300,20,5,0.024593781701547857,0.028666666666666667,172.74779122371052,0.3090176155785701,0.0003838839804971345,4314.2866470075805,4235.46511627907,0.9817301127213738,"[0, 3, 244, 233, 2, 129, 239]",ok
k300_s21,300,21,8,0.04975798446247602,0.028666666666666667,182.68949118831145,0.3772771447786609,0.00040597664708489576,1938.0049327614695,4235.46511627907,2.185476953479134,"[0, 6, 5, 207, 238, 8, 4]",ok
k300_s22,300,22,8,0.03193410292412893,0.028666666666666667,178.92258172385962,0.3307420810659422,0.0003976057371641247,2401.2823525221324,4235.46511627907,1.7638346910060139,"[0, 4, 8, 6, 178, 96, 109]",ok
k300_s23,300,23,6,0.031537116788036765,0.028666666666666667,178.04365907248487,0.32669223602403863,0.0003956525757166331,2826.131571013428,4235.46511627907,1.4986793819936224,"[8, 3, 180, 6, 4, 267, 5]",ok
k300_s24,300,24,7,0.019627840995983654,0.028666666666666667,172.95911261157818,0.3126135866103575,0.0003843535835797864,2261.992028145092,4235.46511627907,1.8724491791212416,"[6, 0, 5, 2, 4, 3, 113]",ok
k300_s25,300,25,5,0.03159920058408318,0.028666666666666667,166.90409205382346,0.2757469572317082,0.0003708979823418299,1842.5475796740773,4235.46511627907,2.2987005399492957,"[3, 4, 5, 2, 0, 6, 1]",ok
k500_s1,500,1,12,0.02950847066280527,0.028666666666666667,301.49881484635847,0.35757238917445416,0.0004019984197951447,1607.2979804990541,4235.46511627907,2.6351461693269775,"[0, 4, 8, 3, 2, 7, 6]",ok
k500_s2,500,2,11,0.023784251391686016,0.028666666666666667,295.12296716157573,0.3585218984160645,0.00039349728954876764,1632.4696657177844,4235.46511627907,2.594513824804682,"[0, 6, 3, 8, 4, 14, 5]",ok
k500_s3,500,3,15,0.025768684081744778,0.028666666666666667,280.69163411756284,0.28749963342131424,0.00037425551215674896,1829.9419421306623,4235.46511627907,2.314535242220623,"[3, 6, 8, 0, 4, 1, 161]",ok
k500_s4,500,4,16,0.029290879761395803,0.028666666666666667,300.44358011103793,0.3512462730567632,0.00040059144014805017,2572.5611953983894,4235.46511627907,1.6464001415613212,"[6, 0, 5, 1, 8, 37, 151]",ok
k500_s5,500,5,14,0.016702968489721942,0.028666666666666667,310.6316356846767,0.3399528898903808,0.0004141755142462355,2591.7815668932867,4235.46511627907,1.6341906163627946,"[3, 8, 6, 4, 112, 2, 7]",ok
k500_s6,500,6,11,0.021212447013028827,0.028666666666666667,285.28592043591834,0.313051210421821,0.0003803812272478907,1769.0639451534623,4235.46511627907,2.3941842960977042,"[0, 6, 8, 3, 1, 4, 274]",ok
k500_s7,500,7,17,0.027159660728693677,0.028666666666666667,290.7224983006032,0.3428730007230016,0.0003876299977341376,1686.880819309876,4235.46511627907,2.510826531308745,"[6, 5, 3, 4, 7, 2, 0]",ok
k500_s8,500,8,13,0.028846934911502572,0.028666666666666667,292.9924836985445,0.3336365642443367,0.0003906566436517358,2512.9219627741995,4235.46511627907,1.6854741926021561,"[0, 7, 3, 5, 4, 56, 9]",ok
k500_s9,500,9,16,0.03139205657620423,0.028666666666666667,283.85428691268385,0.3192168989658722,0.00037847238255024515,1138.9668118689551,4235.46511627907,3.7186905466797615,"[0, 1, 4, 3, 6, 8, 5]",ok
k500_s10,500,10,12,0.025700871183389727,0.028666666666666667,294.0428320147493,0.3329736294403543,0.000392057109352999,1725.735108177462,4235.46511627907,2.4542961988831054,"[0, 6, 3, 5, 178, 4, 2]",ok
k500_s11,500,11,12,0.03242359660504478,0.028666666666666667,287.0074387224338,0.3340034852414617,0.0003826765849533109,1107.219080372087,4235.46511627907,3.8253180344902638,"[3, 0, 7, 5, 2, 4, 1]",ok
k500_s12,500,12,19,0.019830778006349005,0.028666666666666667,296.89045689386074,0.32372566391158647,0.0003958539421700046,2291.0287526186935,4235.46511627907,1.8487175734646915,"[0, 7, 75, 255, 1, 2, 212]",ok
k500_s13,500,13,13,0.032487940708516086,0.028666666666666667,289.3014365607555,0.3328540694028106,0.0003857352487476653,1435.3751740418998,4235.46511627907,2.9507721694477578,"[0, 5, 3, 1, 223, 6, 54]",ok
k500_s14,500,14,13,0.029151538101976134,0.028666666666666667,302.0681116097305,0.37016409044702653,0.0004027574821463073,1296.9756070930741,4235.46511627907,3.2656474748758497,"[0, 3, 4, 2, 6, 5, 1]",ok
k500_s15,500,15,11,0.03438237073996281,0.028666666666666667,278.12978791000177,0.29456705670502004,0.00037083971721333574,1663.9029057452624,4235.46511627907,2.545500162091492,"[0, 4, 8, 3, 6, 5, 1]",ok
k500_s16,500,16,7,0.02894580432808654,0.028666666666666667,286.874181715534,0.3202800820862326,0.0003824989089540424,2190.3817236186155,4235.46511627907,1.9336652924960853,"[0, 3, 1, 5, 7, 6, 193]",ok
k500_s17,500,17,9,0.03098921426060522,0.028666666666666667,292.0468637395033,0.33695576059650056,0.0003893958183191845,1548.3797764697376,4235.46511627907,2.7354174864875924,"[0, 4, 5, 2, 1, 31, 125]",ok
k500_s18,500,18,17,0.02388783431783523,0.028666666666666667,288.6585694489524,0.3233857226208826,0.0003848780925986028,1200.8818104120223,4235.46511627907,3.526962503350669,"[0, 4, 1, 8, 6, 3, 5]",ok
k500_s19,500,19,21,0.02933693711772461,0.028666666666666667,286.4621601759095,0.32549236762479583,0.00038194954690081107,1404.9249424171892,4235.46511627907,3.014726971102032,"[0, 4, 3, 1, 6, 259, 8]",ok
k500_s20,500,20,13,0.028524318094049442,0.028666666666666667,298.0640386901407,0.36015036937918565,0.0003974187182535088,2179.558566681597,4235.46511627907,1.9432674033291129,"[3, 2, 4, 0, 8, 185, 7]",ok
k500_s21,500,21,14,0.03156864985453611,0.028666666666666667,297.7709258850142,0.3370697406333929,0.00039702790114375217,2761.4711697598555,4235.46511627907,1.53377126028348,"[0, 4, 3, 183, 243, 29, 164]",ok
k500_s22,500,22,15,0.029778528605720465,0.028666666666666667,293.9825792845312,0.3375232767908263,0.0003919767723766576,2216.2836629849726,4235.46511627907,1.9110663436351776,"[3, 2, 4, 5, 0, 49, 7]",ok
k500_s23,500,23,7,0.024047283320721723,0.028666666666666667,279.08716284428937,0.2877249254085593,0.0003721162171257189,2497.55804811262,4235.46511627907,1.695842512841601,"[0, 6, 3, 1, 168, 267, 111]",ok
k500_s24,500,24,12,0.03223466314105956,0.028666666666666667,297.59324614986474,0.3612234959514233,0.0003967909948664864,1161.0816846222601,4235.46511627907,3.6478614488325274,"[4, 3, 6, 0, 2, 5, 7]",ok
k500_s25,500,25,5,0.031835551222611044,0.028666666666666667,274.6908674491021,0.26211003865644306,0.0003662544899321241,2092.1924865877786,4235.46511627907,2.0244146479977188,"[3, 4, 5, 0, 1, 8, 2]",ok
